Commit Hash,File Name,Added Lines,Removed Lines
cd25cc329e94b4c19f2f8066ce51a22e12c7d1b5,start-k6.sh,4,0
14792f970a8586f2a16c1cd5020f31a6704c9665,.gitmodules,1,1
86c2c749fedfb7e0c4cc72268d353c4a08351162,testSuiteDeploy.Jenkinsfile,23,3
b002092aaaae642ca2efaa251bfbf5d81cef91b1,ADCApi.js,6,1
b002092aaaae642ca2efaa251bfbf5d81cef91b1,APIEndpoint.js,4,0
b002092aaaae642ca2efaa251bfbf5d81cef91b1,ves-event-batch-neg.json,65,0
b002092aaaae642ca2efaa251bfbf5d81cef91b1,ves-event-neg.json,27,0
b002092aaaae642ca2efaa251bfbf5d81cef91b1,Constants.js,4,0
b002092aaaae642ca2efaa251bfbf5d81cef91b1,ObjectBuilder.js,8,0
b002092aaaae642ca2efaa251bfbf5d81cef91b1,test_cs_service.js,12,2
f4c8493bf608dc7c7e2c1fe2736bc0a73c930d05,testSuiteDeploy.Jenkinsfile,5,24